{"flowContents":{"identifier":"2fd723f7-a542-3602-809c-a36d5f99d952","instanceIdentifier":"1c971b56-018b-1000-ffff-ffffa2cd317a","name":"DB Reference Loading","comments":"","position":{"x":475.0,"y":86.0},"processGroups":[],"remoteProcessGroups":[],"processors":[{"identifier":"471782df-469f-3a6b-90da-b2edd23cc755","instanceIdentifier":"eef23f7b-a2de-1aec-85e9-51ffd423f90b","name":"XXCUST_GL_LEDGERS_V","comments":"","position":{"x":872.0,"y":88.0},"type":"org.apache.nifi.processors.standard.QueryDatabaseTableRecord","bundle":{"group":"org.apache.nifi","artifact":"nifi-standard-nar","version":"1.21.0.2.2.7.100-3"},"properties":{"Table Name":"XXCUST_GL_LEDGERS_V","db-fetch-db-type":"Oracle 12+","dbf-default-precision":"10","qdbtr-record-writer":"d806b3fc-b7e3-3cf2-8c74-52f1dcb4bef1","Max Wait Time":"0 seconds","Database Connection Pooling Service":"4e1942d3-89cb-3f03-acb8-1f81545f743e","Maximum-value Columns":null,"dbf-user-logical-types":"false","qdbt-output-batch-size":"10","qdbt-max-rows":"1","qdbt-max-frags":"0","dbf-default-scale":"0","initial-load-strategy":"Start at Beginning","Fetch Size":"1","db-fetch-sql-query":null,"qdbtr-normalize":"false","Columns to Return":null,"db-fetch-where-clause":null},"propertyDescriptors":{"Table Name":{"name":"Table Name","displayName":"Table Name","identifiesControllerService":false,"sensitive":false},"db-fetch-db-type":{"name":"db-fetch-db-type","displayName":"Database Type","identifiesControllerService":false,"sensitive":false},"dbf-default-precision":{"name":"dbf-default-precision","displayName":"Default Decimal Precision","identifiesControllerService":false,"sensitive":false},"qdbtr-record-writer":{"name":"qdbtr-record-writer","displayName":"Record Writer","identifiesControllerService":true,"sensitive":false},"Max Wait Time":{"name":"Max Wait Time","displayName":"Max Wait Time","identifiesControllerService":false,"sensitive":false},"Database Connection Pooling Service":{"name":"Database Connection Pooling Service","displayName":"Database Connection Pooling Service","identifiesControllerService":true,"sensitive":false},"Maximum-value Columns":{"name":"Maximum-value Columns","displayName":"Maximum-value Columns","identifiesControllerService":false,"sensitive":false},"dbf-user-logical-types":{"name":"dbf-user-logical-types","displayName":"Use Avro Logical Types","identifiesControllerService":false,"sensitive":false},"qdbt-output-batch-size":{"name":"qdbt-output-batch-size","displayName":"Output Batch Size","identifiesControllerService":false,"sensitive":false},"qdbt-max-rows":{"name":"qdbt-max-rows","displayName":"Max Rows Per Flow File","identifiesControllerService":false,"sensitive":false},"qdbt-max-frags":{"name":"qdbt-max-frags","displayName":"Maximum Number of Fragments","identifiesControllerService":false,"sensitive":false},"dbf-default-scale":{"name":"dbf-default-scale","displayName":"Default Decimal Scale","identifiesControllerService":false,"sensitive":false},"initial-load-strategy":{"name":"initial-load-strategy","displayName":"Initial Load Strategy","identifiesControllerService":false,"sensitive":false},"Fetch Size":{"name":"Fetch Size","displayName":"Fetch Size","identifiesControllerService":false,"sensitive":false},"db-fetch-sql-query":{"name":"db-fetch-sql-query","displayName":"Custom Query","identifiesControllerService":false,"sensitive":false},"qdbtr-normalize":{"name":"qdbtr-normalize","displayName":"Normalize Table/Column Names","identifiesControllerService":false,"sensitive":false},"Columns to Return":{"name":"Columns to Return","displayName":"Columns to Return","identifiesControllerService":false,"sensitive":false},"db-fetch-where-clause":{"name":"db-fetch-where-clause","displayName":"Additional WHERE clause","identifiesControllerService":false,"sensitive":false}},"style":{},"schedulingPeriod":"1 min","schedulingStrategy":"TIMER_DRIVEN","executionNode":"PRIMARY","penaltyDuration":"30 sec","yieldDuration":"1 sec","bulletinLevel":"WARN","runDurationMillis":0,"concurrentlySchedulableTaskCount":1,"autoTerminatedRelationships":[],"scheduledState":"ENABLED","retryCount":10,"retriedRelationships":[],"backoffMechanism":"PENALIZE_FLOWFILE","maxBackoffPeriod":"10 mins","componentType":"PROCESSOR","groupIdentifier":"2fd723f7-a542-3602-809c-a36d5f99d952"},{"identifier":"eaa83ffe-92e1-3a77-8106-15ebe9de072d","instanceIdentifier":"1ccdf223-018b-1000-0000-00005c7cb0da","name":"PublishKafka2CDP - t_fah_event","comments":"","position":{"x":192.0,"y":264.0},"type":"org.apache.nifi.processors.kafka.pubsub.PublishKafka2CDP","bundle":{"group":"com.cloudera","artifact":"nifi-cdf-kafka-2-nar","version":"1.0.0.2.2.7.100-3"},"properties":{"compression.type":"none","attribute-name-regex":null,"bootstrap.servers":"ifg-datahub-kafka-corebroker0.ifg-poc.spyl-s00y.cloudera.site:9093,ifg-datahub-kafka-corebroker1.ifg-poc.spyl-s00y.cloudera.site:9093,ifg-datahub-kafka-corebroker2.ifg-poc.spyl-s00y.cloudera.site:9093","sasl.kerberos.principal":null,"sasl.kerberos.service.name":null,"kerberos-credentials-service":null,"kafka-key":null,"partition":null,"sasl.mechanism":"PLAIN","max.block.ms":"5 sec","interceptor.classes":"com.hortonworks.smm.kafka.monitoring.interceptors.MonitoringProducerInterceptor","message-header-encoding":"UTF-8","kerberos-user-service":null,"message-demarcator":null,"transactional-id-prefix":null,"ack.wait.time":"5 secs","sasl.username":"srv_ifg_talend_svcacc","use-transactions":"false","acks":"0","aws.profile.name":null,"security.protocol":"SASL_SSL","ssl.context.service":"44c4938a-096d-3cc2-9ddc-214cfbd866c8","max.request.size":"1 MB","sasl.token.auth":"false","Failure Strategy":"Route to Failure","partitioner.class":"org.apache.kafka.clients.producer.internals.DefaultPartitioner","sasl.kerberos.keytab":null,"topic":"t_fah_event","key-attribute-encoding":"utf-8"},"propertyDescriptors":{"compression.type":{"name":"compression.type","displayName":"Compression Type","identifiesControllerService":false,"sensitive":false},"attribute-name-regex":{"name":"attribute-name-regex","displayName":"Attributes to Send as Headers (Regex)","identifiesControllerService":false,"sensitive":false},"bootstrap.servers":{"name":"bootstrap.servers","displayName":"Kafka Brokers","identifiesControllerService":false,"sensitive":false},"sasl.kerberos.principal":{"name":"sasl.kerberos.principal","displayName":"Kerberos Principal","identifiesControllerService":false,"sensitive":false},"sasl.kerberos.service.name":{"name":"sasl.kerberos.service.name","displayName":"Kerberos Service Name","identifiesControllerService":false,"sensitive":false},"kerberos-credentials-service":{"name":"kerberos-credentials-service","displayName":"Kerberos Credentials Service","identifiesControllerService":true,"sensitive":false},"kafka-key":{"name":"kafka-key","displayName":"Kafka Key","identifiesControllerService":false,"sensitive":false},"partition":{"name":"partition","displayName":"Partition","identifiesControllerService":false,"sensitive":false},"sasl.mechanism":{"name":"sasl.mechanism","displayName":"SASL Mechanism","identifiesControllerService":false,"sensitive":false},"max.block.ms":{"name":"max.block.ms","displayName":"Max Metadata Wait Time","identifiesControllerService":false,"sensitive":false},"interceptor.classes":{"name":"interceptor.classes","displayName":"interceptor.classes","identifiesControllerService":false,"sensitive":false},"message-header-encoding":{"name":"message-header-encoding","displayName":"Message Header Encoding","identifiesControllerService":false,"sensitive":false},"kerberos-user-service":{"name":"kerberos-user-service","displayName":"Kerberos User Service","identifiesControllerService":true,"sensitive":false},"message-demarcator":{"name":"message-demarcator","displayName":"Message Demarcator","identifiesControllerService":false,"sensitive":false},"transactional-id-prefix":{"name":"transactional-id-prefix","displayName":"Transactional Id Prefix","identifiesControllerService":false,"sensitive":false},"ack.wait.time":{"name":"ack.wait.time","displayName":"Acknowledgment Wait Time","identifiesControllerService":false,"sensitive":false},"sasl.username":{"name":"sasl.username","displayName":"Username","identifiesControllerService":false,"sensitive":false},"use-transactions":{"name":"use-transactions","displayName":"Use Transactions","identifiesControllerService":false,"sensitive":false},"acks":{"name":"acks","displayName":"Delivery Guarantee","identifiesControllerService":false,"sensitive":false},"aws.profile.name":{"name":"aws.profile.name","displayName":"AWS Profile Name","identifiesControllerService":false,"sensitive":false},"security.protocol":{"name":"security.protocol","displayName":"Security Protocol","identifiesControllerService":false,"sensitive":false},"ssl.context.service":{"name":"ssl.context.service","displayName":"SSL Context Service","identifiesControllerService":true,"sensitive":false},"max.request.size":{"name":"max.request.size","displayName":"Max Request Size","identifiesControllerService":false,"sensitive":false},"sasl.token.auth":{"name":"sasl.token.auth","displayName":"Token Authentication","identifiesControllerService":false,"sensitive":false},"Failure Strategy":{"name":"Failure Strategy","displayName":"Failure Strategy","identifiesControllerService":false,"sensitive":false},"partitioner.class":{"name":"partitioner.class","displayName":"Partitioner class","identifiesControllerService":false,"sensitive":false},"sasl.kerberos.keytab":{"name":"sasl.kerberos.keytab","displayName":"Kerberos Keytab","identifiesControllerService":false,"sensitive":false,"resourceDefinition":{"cardinality":"SINGLE","resourceTypes":["FILE"]}},"topic":{"name":"topic","displayName":"Topic Name","identifiesControllerService":false,"sensitive":false},"sasl.password":{"name":"sasl.password","displayName":"Password","identifiesControllerService":false,"sensitive":true},"key-attribute-encoding":{"name":"key-attribute-encoding","displayName":"Key Attribute Encoding","identifiesControllerService":false,"sensitive":false}},"style":{},"schedulingPeriod":"0 sec","schedulingStrategy":"TIMER_DRIVEN","executionNode":"ALL","penaltyDuration":"30 sec","yieldDuration":"1 sec","bulletinLevel":"WARN","runDurationMillis":0,"concurrentlySchedulableTaskCount":1,"autoTerminatedRelationships":["success"],"scheduledState":"ENABLED","retryCount":10,"retriedRelationships":[],"backoffMechanism":"PENALIZE_FLOWFILE","maxBackoffPeriod":"10 mins","componentType":"PROCESSOR","groupIdentifier":"2fd723f7-a542-3602-809c-a36d5f99d952"},{"identifier":"2784e42a-dc82-3854-8b21-d9c35defcd9b","instanceIdentifier":"1cec365e-a2ae-1381-8432-58b60457ac10","name":"PublishKafka2CDP - t_ifg_ledger","comments":"","position":{"x":872.0,"y":240.0},"type":"org.apache.nifi.processors.kafka.pubsub.PublishKafka2CDP","bundle":{"group":"com.cloudera","artifact":"nifi-cdf-kafka-2-nar","version":"1.0.0.2.2.7.100-3"},"properties":{"compression.type":"none","attribute-name-regex":null,"bootstrap.servers":"ifg-datahub-kafka-corebroker0.ifg-poc.spyl-s00y.cloudera.site:9093,ifg-datahub-kafka-corebroker1.ifg-poc.spyl-s00y.cloudera.site:9093,ifg-datahub-kafka-corebroker2.ifg-poc.spyl-s00y.cloudera.site:9093","sasl.kerberos.principal":null,"sasl.kerberos.service.name":null,"kerberos-credentials-service":null,"kafka-key":null,"partition":null,"sasl.mechanism":"PLAIN","max.block.ms":"5 sec","interceptor.classes":"com.hortonworks.smm.kafka.monitoring.interceptors.MonitoringProducerInterceptor","message-header-encoding":"UTF-8","kerberos-user-service":null,"message-demarcator":null,"transactional-id-prefix":null,"ack.wait.time":"5 secs","sasl.username":"srv_ifg_talend_svcacc","use-transactions":"false","acks":"0","aws.profile.name":null,"security.protocol":"SASL_SSL","ssl.context.service":"44c4938a-096d-3cc2-9ddc-214cfbd866c8","max.request.size":"1 MB","sasl.token.auth":"false","Failure Strategy":"Route to Failure","partitioner.class":"org.apache.kafka.clients.producer.internals.DefaultPartitioner","sasl.kerberos.keytab":null,"topic":"t_ifg_ledger","key-attribute-encoding":"utf-8"},"propertyDescriptors":{"compression.type":{"name":"compression.type","displayName":"Compression Type","identifiesControllerService":false,"sensitive":false},"attribute-name-regex":{"name":"attribute-name-regex","displayName":"Attributes to Send as Headers (Regex)","identifiesControllerService":false,"sensitive":false},"bootstrap.servers":{"name":"bootstrap.servers","displayName":"Kafka Brokers","identifiesControllerService":false,"sensitive":false},"sasl.kerberos.principal":{"name":"sasl.kerberos.principal","displayName":"Kerberos Principal","identifiesControllerService":false,"sensitive":false},"sasl.kerberos.service.name":{"name":"sasl.kerberos.service.name","displayName":"Kerberos Service Name","identifiesControllerService":false,"sensitive":false},"kerberos-credentials-service":{"name":"kerberos-credentials-service","displayName":"Kerberos Credentials Service","identifiesControllerService":true,"sensitive":false},"kafka-key":{"name":"kafka-key","displayName":"Kafka Key","identifiesControllerService":false,"sensitive":false},"partition":{"name":"partition","displayName":"Partition","identifiesControllerService":false,"sensitive":false},"sasl.mechanism":{"name":"sasl.mechanism","displayName":"SASL Mechanism","identifiesControllerService":false,"sensitive":false},"max.block.ms":{"name":"max.block.ms","displayName":"Max Metadata Wait Time","identifiesControllerService":false,"sensitive":false},"interceptor.classes":{"name":"interceptor.classes","displayName":"interceptor.classes","identifiesControllerService":false,"sensitive":false},"message-header-encoding":{"name":"message-header-encoding","displayName":"Message Header Encoding","identifiesControllerService":false,"sensitive":false},"kerberos-user-service":{"name":"kerberos-user-service","displayName":"Kerberos User Service","identifiesControllerService":true,"sensitive":false},"message-demarcator":{"name":"message-demarcator","displayName":"Message Demarcator","identifiesControllerService":false,"sensitive":false},"transactional-id-prefix":{"name":"transactional-id-prefix","displayName":"Transactional Id Prefix","identifiesControllerService":false,"sensitive":false},"ack.wait.time":{"name":"ack.wait.time","displayName":"Acknowledgment Wait Time","identifiesControllerService":false,"sensitive":false},"sasl.username":{"name":"sasl.username","displayName":"Username","identifiesControllerService":false,"sensitive":false},"use-transactions":{"name":"use-transactions","displayName":"Use Transactions","identifiesControllerService":false,"sensitive":false},"acks":{"name":"acks","displayName":"Delivery Guarantee","identifiesControllerService":false,"sensitive":false},"aws.profile.name":{"name":"aws.profile.name","displayName":"AWS Profile Name","identifiesControllerService":false,"sensitive":false},"security.protocol":{"name":"security.protocol","displayName":"Security Protocol","identifiesControllerService":false,"sensitive":false},"ssl.context.service":{"name":"ssl.context.service","displayName":"SSL Context Service","identifiesControllerService":true,"sensitive":false},"max.request.size":{"name":"max.request.size","displayName":"Max Request Size","identifiesControllerService":false,"sensitive":false},"sasl.token.auth":{"name":"sasl.token.auth","displayName":"Token Authentication","identifiesControllerService":false,"sensitive":false},"Failure Strategy":{"name":"Failure Strategy","displayName":"Failure Strategy","identifiesControllerService":false,"sensitive":false},"partitioner.class":{"name":"partitioner.class","displayName":"Partitioner class","identifiesControllerService":false,"sensitive":false},"sasl.kerberos.keytab":{"name":"sasl.kerberos.keytab","displayName":"Kerberos Keytab","identifiesControllerService":false,"sensitive":false,"resourceDefinition":{"cardinality":"SINGLE","resourceTypes":["FILE"]}},"topic":{"name":"topic","displayName":"Topic Name","identifiesControllerService":false,"sensitive":false},"sasl.password":{"name":"sasl.password","displayName":"Password","identifiesControllerService":false,"sensitive":true},"key-attribute-encoding":{"name":"key-attribute-encoding","displayName":"Key Attribute Encoding","identifiesControllerService":false,"sensitive":false}},"style":{},"schedulingPeriod":"0 sec","schedulingStrategy":"TIMER_DRIVEN","executionNode":"ALL","penaltyDuration":"30 sec","yieldDuration":"1 sec","bulletinLevel":"WARN","runDurationMillis":0,"concurrentlySchedulableTaskCount":1,"autoTerminatedRelationships":["success"],"scheduledState":"ENABLED","retryCount":10,"retriedRelationships":[],"backoffMechanism":"PENALIZE_FLOWFILE","maxBackoffPeriod":"10 mins","componentType":"PROCESSOR","groupIdentifier":"2fd723f7-a542-3602-809c-a36d5f99d952"},{"identifier":"5f632b80-aeb2-3536-939e-732aba2cc213","instanceIdentifier":"e5283e0c-d516-11c7-8be6-04e6e149b283","name":"PublishKafka2CDP - t_fah_coa_mapping","comments":"","position":{"x":192.0,"y":640.0},"type":"org.apache.nifi.processors.kafka.pubsub.PublishKafka2CDP","bundle":{"group":"com.cloudera","artifact":"nifi-cdf-kafka-2-nar","version":"1.0.0.2.2.7.100-3"},"properties":{"compression.type":"none","attribute-name-regex":null,"bootstrap.servers":"ifg-datahub-kafka-corebroker0.ifg-poc.spyl-s00y.cloudera.site:9093,ifg-datahub-kafka-corebroker1.ifg-poc.spyl-s00y.cloudera.site:9093,ifg-datahub-kafka-corebroker2.ifg-poc.spyl-s00y.cloudera.site:9093","sasl.kerberos.principal":null,"sasl.kerberos.service.name":null,"kerberos-credentials-service":null,"kafka-key":null,"partition":null,"sasl.mechanism":"PLAIN","max.block.ms":"5 sec","interceptor.classes":"com.hortonworks.smm.kafka.monitoring.interceptors.MonitoringProducerInterceptor","message-header-encoding":"UTF-8","kerberos-user-service":null,"message-demarcator":null,"transactional-id-prefix":null,"ack.wait.time":"5 secs","sasl.username":"srv_ifg_talend_svcacc","use-transactions":"false","acks":"0","aws.profile.name":null,"security.protocol":"SASL_SSL","ssl.context.service":"44c4938a-096d-3cc2-9ddc-214cfbd866c8","max.request.size":"1 MB","sasl.token.auth":"false","Failure Strategy":"Route to Failure","partitioner.class":"org.apache.kafka.clients.producer.internals.DefaultPartitioner","sasl.kerberos.keytab":null,"topic":"t_fah_coa_mapping","key-attribute-encoding":"utf-8"},"propertyDescriptors":{"compression.type":{"name":"compression.type","displayName":"Compression Type","identifiesControllerService":false,"sensitive":false},"attribute-name-regex":{"name":"attribute-name-regex","displayName":"Attributes to Send as Headers (Regex)","identifiesControllerService":false,"sensitive":false},"bootstrap.servers":{"name":"bootstrap.servers","displayName":"Kafka Brokers","identifiesControllerService":false,"sensitive":false},"sasl.kerberos.principal":{"name":"sasl.kerberos.principal","displayName":"Kerberos Principal","identifiesControllerService":false,"sensitive":false},"sasl.kerberos.service.name":{"name":"sasl.kerberos.service.name","displayName":"Kerberos Service Name","identifiesControllerService":false,"sensitive":false},"kerberos-credentials-service":{"name":"kerberos-credentials-service","displayName":"Kerberos Credentials Service","identifiesControllerService":true,"sensitive":false},"kafka-key":{"name":"kafka-key","displayName":"Kafka Key","identifiesControllerService":false,"sensitive":false},"partition":{"name":"partition","displayName":"Partition","identifiesControllerService":false,"sensitive":false},"sasl.mechanism":{"name":"sasl.mechanism","displayName":"SASL Mechanism","identifiesControllerService":false,"sensitive":false},"max.block.ms":{"name":"max.block.ms","displayName":"Max Metadata Wait Time","identifiesControllerService":false,"sensitive":false},"interceptor.classes":{"name":"interceptor.classes","displayName":"interceptor.classes","identifiesControllerService":false,"sensitive":false},"message-header-encoding":{"name":"message-header-encoding","displayName":"Message Header Encoding","identifiesControllerService":false,"sensitive":false},"kerberos-user-service":{"name":"kerberos-user-service","displayName":"Kerberos User Service","identifiesControllerService":true,"sensitive":false},"message-demarcator":{"name":"message-demarcator","displayName":"Message Demarcator","identifiesControllerService":false,"sensitive":false},"transactional-id-prefix":{"name":"transactional-id-prefix","displayName":"Transactional Id Prefix","identifiesControllerService":false,"sensitive":false},"ack.wait.time":{"name":"ack.wait.time","displayName":"Acknowledgment Wait Time","identifiesControllerService":false,"sensitive":false},"sasl.username":{"name":"sasl.username","displayName":"Username","identifiesControllerService":false,"sensitive":false},"use-transactions":{"name":"use-transactions","displayName":"Use Transactions","identifiesControllerService":false,"sensitive":false},"acks":{"name":"acks","displayName":"Delivery Guarantee","identifiesControllerService":false,"sensitive":false},"aws.profile.name":{"name":"aws.profile.name","displayName":"AWS Profile Name","identifiesControllerService":false,"sensitive":false},"security.protocol":{"name":"security.protocol","displayName":"Security Protocol","identifiesControllerService":false,"sensitive":false},"ssl.context.service":{"name":"ssl.context.service","displayName":"SSL Context Service","identifiesControllerService":true,"sensitive":false},"max.request.size":{"name":"max.request.size","displayName":"Max Request Size","identifiesControllerService":false,"sensitive":false},"sasl.token.auth":{"name":"sasl.token.auth","displayName":"Token Authentication","identifiesControllerService":false,"sensitive":false},"Failure Strategy":{"name":"Failure Strategy","displayName":"Failure Strategy","identifiesControllerService":false,"sensitive":false},"partitioner.class":{"name":"partitioner.class","displayName":"Partitioner class","identifiesControllerService":false,"sensitive":false},"sasl.kerberos.keytab":{"name":"sasl.kerberos.keytab","displayName":"Kerberos Keytab","identifiesControllerService":false,"sensitive":false,"resourceDefinition":{"cardinality":"SINGLE","resourceTypes":["FILE"]}},"topic":{"name":"topic","displayName":"Topic Name","identifiesControllerService":false,"sensitive":false},"sasl.password":{"name":"sasl.password","displayName":"Password","identifiesControllerService":false,"sensitive":true},"key-attribute-encoding":{"name":"key-attribute-encoding","displayName":"Key Attribute Encoding","identifiesControllerService":false,"sensitive":false}},"style":{},"schedulingPeriod":"0 sec","schedulingStrategy":"TIMER_DRIVEN","executionNode":"ALL","penaltyDuration":"30 sec","yieldDuration":"1 sec","bulletinLevel":"WARN","runDurationMillis":0,"concurrentlySchedulableTaskCount":1,"autoTerminatedRelationships":["success"],"scheduledState":"ENABLED","retryCount":10,"retriedRelationships":[],"backoffMechanism":"PENALIZE_FLOWFILE","maxBackoffPeriod":"10 mins","componentType":"PROCESSOR","groupIdentifier":"2fd723f7-a542-3602-809c-a36d5f99d952"},{"identifier":"24a0b787-4a58-39bb-9922-aa22d7eea331","instanceIdentifier":"1c979ac7-018b-1000-ffff-ffff80def4ff","name":"XXCUST_FAH_EVENT_MAP_V","comments":"","position":{"x":192.0,"y":112.0},"type":"org.apache.nifi.processors.standard.QueryDatabaseTableRecord","bundle":{"group":"org.apache.nifi","artifact":"nifi-standard-nar","version":"1.21.0.2.2.7.100-3"},"properties":{"Table Name":"XXCUST_FAH_EVENT_MAP_V","db-fetch-db-type":"Oracle 12+","dbf-default-precision":"10","qdbtr-record-writer":"d806b3fc-b7e3-3cf2-8c74-52f1dcb4bef1","Max Wait Time":"0 seconds","Database Connection Pooling Service":"4e1942d3-89cb-3f03-acb8-1f81545f743e","Maximum-value Columns":null,"dbf-user-logical-types":"false","qdbt-output-batch-size":"10","qdbt-max-rows":"1","qdbt-max-frags":"0","dbf-default-scale":"0","initial-load-strategy":"Start at Beginning","Fetch Size":"1","db-fetch-sql-query":null,"qdbtr-normalize":"false","Columns to Return":null,"db-fetch-where-clause":"ENABLED_FLAG = 'Y'"},"propertyDescriptors":{"Table Name":{"name":"Table Name","displayName":"Table Name","identifiesControllerService":false,"sensitive":false},"db-fetch-db-type":{"name":"db-fetch-db-type","displayName":"Database Type","identifiesControllerService":false,"sensitive":false},"dbf-default-precision":{"name":"dbf-default-precision","displayName":"Default Decimal Precision","identifiesControllerService":false,"sensitive":false},"qdbtr-record-writer":{"name":"qdbtr-record-writer","displayName":"Record Writer","identifiesControllerService":true,"sensitive":false},"Max Wait Time":{"name":"Max Wait Time","displayName":"Max Wait Time","identifiesControllerService":false,"sensitive":false},"Database Connection Pooling Service":{"name":"Database Connection Pooling Service","displayName":"Database Connection Pooling Service","identifiesControllerService":true,"sensitive":false},"Maximum-value Columns":{"name":"Maximum-value Columns","displayName":"Maximum-value Columns","identifiesControllerService":false,"sensitive":false},"dbf-user-logical-types":{"name":"dbf-user-logical-types","displayName":"Use Avro Logical Types","identifiesControllerService":false,"sensitive":false},"qdbt-output-batch-size":{"name":"qdbt-output-batch-size","displayName":"Output Batch Size","identifiesControllerService":false,"sensitive":false},"qdbt-max-rows":{"name":"qdbt-max-rows","displayName":"Max Rows Per Flow File","identifiesControllerService":false,"sensitive":false},"qdbt-max-frags":{"name":"qdbt-max-frags","displayName":"Maximum Number of Fragments","identifiesControllerService":false,"sensitive":false},"dbf-default-scale":{"name":"dbf-default-scale","displayName":"Default Decimal Scale","identifiesControllerService":false,"sensitive":false},"initial-load-strategy":{"name":"initial-load-strategy","displayName":"Initial Load Strategy","identifiesControllerService":false,"sensitive":false},"Fetch Size":{"name":"Fetch Size","displayName":"Fetch Size","identifiesControllerService":false,"sensitive":false},"db-fetch-sql-query":{"name":"db-fetch-sql-query","displayName":"Custom Query","identifiesControllerService":false,"sensitive":false},"qdbtr-normalize":{"name":"qdbtr-normalize","displayName":"Normalize Table/Column Names","identifiesControllerService":false,"sensitive":false},"Columns to Return":{"name":"Columns to Return","displayName":"Columns to Return","identifiesControllerService":false,"sensitive":false},"db-fetch-where-clause":{"name":"db-fetch-where-clause","displayName":"Additional WHERE clause","identifiesControllerService":false,"sensitive":false}},"style":{},"schedulingPeriod":"1 min","schedulingStrategy":"TIMER_DRIVEN","executionNode":"PRIMARY","penaltyDuration":"30 sec","yieldDuration":"1 sec","bulletinLevel":"WARN","runDurationMillis":0,"concurrentlySchedulableTaskCount":1,"autoTerminatedRelationships":[],"scheduledState":"ENABLED","retryCount":10,"retriedRelationships":[],"backoffMechanism":"PENALIZE_FLOWFILE","maxBackoffPeriod":"10 mins","componentType":"PROCESSOR","groupIdentifier":"2fd723f7-a542-3602-809c-a36d5f99d952"},{"identifier":"ef5d48cf-06cd-3b35-b7af-50730d864422","instanceIdentifier":"8126372c-f3b2-1878-93a0-bf2a761ef7c6","name":"Master COA","comments":"","position":{"x":192.0,"y":496.0},"type":"org.apache.nifi.processors.standard.QueryDatabaseTableRecord","bundle":{"group":"org.apache.nifi","artifact":"nifi-standard-nar","version":"1.21.0.2.2.7.100-3"},"properties":{"Table Name":"XXCUST_FAH_MAPPING_V","db-fetch-db-type":"Oracle 12+","dbf-default-precision":"10","qdbtr-record-writer":"d806b3fc-b7e3-3cf2-8c74-52f1dcb4bef1","Max Wait Time":"0 seconds","Database Connection Pooling Service":"4e1942d3-89cb-3f03-acb8-1f81545f743e","Maximum-value Columns":null,"dbf-user-logical-types":"false","qdbt-output-batch-size":"10","qdbt-max-rows":"1","qdbt-max-frags":"0","dbf-default-scale":"0","initial-load-strategy":"Start at Beginning","Fetch Size":"1","db-fetch-sql-query":null,"qdbtr-normalize":"false","Columns to Return":null,"db-fetch-where-clause":"to_date(sysdate) BETWEEN effective_date_from AND nvl(effective_date_to, SYSDATE) AND ENABLED_FLAG ='Y'"},"propertyDescriptors":{"Table Name":{"name":"Table Name","displayName":"Table Name","identifiesControllerService":false,"sensitive":false},"db-fetch-db-type":{"name":"db-fetch-db-type","displayName":"Database Type","identifiesControllerService":false,"sensitive":false},"dbf-default-precision":{"name":"dbf-default-precision","displayName":"Default Decimal Precision","identifiesControllerService":false,"sensitive":false},"qdbtr-record-writer":{"name":"qdbtr-record-writer","displayName":"Record Writer","identifiesControllerService":true,"sensitive":false},"Max Wait Time":{"name":"Max Wait Time","displayName":"Max Wait Time","identifiesControllerService":false,"sensitive":false},"Database Connection Pooling Service":{"name":"Database Connection Pooling Service","displayName":"Database Connection Pooling Service","identifiesControllerService":true,"sensitive":false},"Maximum-value Columns":{"name":"Maximum-value Columns","displayName":"Maximum-value Columns","identifiesControllerService":false,"sensitive":false},"dbf-user-logical-types":{"name":"dbf-user-logical-types","displayName":"Use Avro Logical Types","identifiesControllerService":false,"sensitive":false},"qdbt-output-batch-size":{"name":"qdbt-output-batch-size","displayName":"Output Batch Size","identifiesControllerService":false,"sensitive":false},"qdbt-max-rows":{"name":"qdbt-max-rows","displayName":"Max Rows Per Flow File","identifiesControllerService":false,"sensitive":false},"qdbt-max-frags":{"name":"qdbt-max-frags","displayName":"Maximum Number of Fragments","identifiesControllerService":false,"sensitive":false},"dbf-default-scale":{"name":"dbf-default-scale","displayName":"Default Decimal Scale","identifiesControllerService":false,"sensitive":false},"initial-load-strategy":{"name":"initial-load-strategy","displayName":"Initial Load Strategy","identifiesControllerService":false,"sensitive":false},"Fetch Size":{"name":"Fetch Size","displayName":"Fetch Size","identifiesControllerService":false,"sensitive":false},"db-fetch-sql-query":{"name":"db-fetch-sql-query","displayName":"Custom Query","identifiesControllerService":false,"sensitive":false},"qdbtr-normalize":{"name":"qdbtr-normalize","displayName":"Normalize Table/Column Names","identifiesControllerService":false,"sensitive":false},"Columns to Return":{"name":"Columns to Return","displayName":"Columns to Return","identifiesControllerService":false,"sensitive":false},"db-fetch-where-clause":{"name":"db-fetch-where-clause","displayName":"Additional WHERE clause","identifiesControllerService":false,"sensitive":false}},"style":{},"schedulingPeriod":"1 min","schedulingStrategy":"TIMER_DRIVEN","executionNode":"PRIMARY","penaltyDuration":"30 sec","yieldDuration":"1 sec","bulletinLevel":"WARN","runDurationMillis":0,"concurrentlySchedulableTaskCount":1,"autoTerminatedRelationships":[],"scheduledState":"ENABLED","retryCount":10,"retriedRelationships":[],"backoffMechanism":"PENALIZE_FLOWFILE","maxBackoffPeriod":"10 mins","componentType":"PROCESSOR","groupIdentifier":"2fd723f7-a542-3602-809c-a36d5f99d952"}],"inputPorts":[],"outputPorts":[],"connections":[{"identifier":"9b8a2cab-3451-3695-a415-96282d00f718","instanceIdentifier":"1cec3661-a2ae-1381-ffff-ffffd1c458f6","name":"","source":{"id":"471782df-469f-3a6b-90da-b2edd23cc755","type":"PROCESSOR","groupId":"2fd723f7-a542-3602-809c-a36d5f99d952","name":"XXCUST_GL_LEDGERS_V","comments":"","instanceIdentifier":"eef23f7b-a2de-1aec-85e9-51ffd423f90b"},"destination":{"id":"2784e42a-dc82-3854-8b21-d9c35defcd9b","type":"PROCESSOR","groupId":"2fd723f7-a542-3602-809c-a36d5f99d952","name":"PublishKafka2CDP - t_ifg_ledger","comments":"","instanceIdentifier":"1cec365e-a2ae-1381-8432-58b60457ac10"},"labelIndex":0,"zIndex":0,"selectedRelationships":["success"],"backPressureObjectThreshold":10000,"backPressureDataSizeThreshold":"1 GB","flowFileExpiration":"0 sec","prioritizers":[],"bends":[{"x":1352.0,"y":225.0}],"loadBalanceStrategy":"DO_NOT_LOAD_BALANCE","partitioningAttribute":"","loadBalanceCompression":"DO_NOT_COMPRESS","componentType":"CONNECTION","groupIdentifier":"2fd723f7-a542-3602-809c-a36d5f99d952"},{"identifier":"ec02aee5-df13-3157-af5c-7b7ba5631b4c","instanceIdentifier":"e5283e62-d516-11c7-0000-000072025099","name":"","source":{"id":"eaa83ffe-92e1-3a77-8106-15ebe9de072d","type":"PROCESSOR","groupId":"2fd723f7-a542-3602-809c-a36d5f99d952","name":"PublishKafka2CDP - t_fah_event","comments":"","instanceIdentifier":"1ccdf223-018b-1000-0000-00005c7cb0da"},"destination":{"id":"eb53f1e4-f6f6-38a5-b60d-620a263a0d0b","type":"FUNNEL","groupId":"2fd723f7-a542-3602-809c-a36d5f99d952","name":"Funnel","comments":"","instanceIdentifier":"e5283e57-d516-11c7-0000-0000684fa49a"},"labelIndex":0,"zIndex":0,"selectedRelationships":["failure"],"backPressureObjectThreshold":10000,"backPressureDataSizeThreshold":"1 GB","flowFileExpiration":"0 sec","prioritizers":[],"bends":[{"x":40.0,"y":328.0}],"loadBalanceStrategy":"DO_NOT_LOAD_BALANCE","partitioningAttribute":"","loadBalanceCompression":"DO_NOT_COMPRESS","componentType":"CONNECTION","groupIdentifier":"2fd723f7-a542-3602-809c-a36d5f99d952"},{"identifier":"57c48432-a207-390c-8861-420ce63a6ca9","instanceIdentifier":"1cec366b-a2ae-1381-ffff-ffffab453260","name":"","source":{"id":"2784e42a-dc82-3854-8b21-d9c35defcd9b","type":"PROCESSOR","groupId":"2fd723f7-a542-3602-809c-a36d5f99d952","name":"PublishKafka2CDP - t_ifg_ledger","comments":"","instanceIdentifier":"1cec365e-a2ae-1381-8432-58b60457ac10"},"destination":{"id":"8efb4d0d-0ecb-3cfc-89a9-5a0799048c2a","type":"FUNNEL","groupId":"2fd723f7-a542-3602-809c-a36d5f99d952","name":"Funnel","comments":"","instanceIdentifier":"1cec3665-a2ae-1381-0000-00000cdb8f92"},"labelIndex":1,"zIndex":0,"selectedRelationships":["failure"],"backPressureObjectThreshold":10000,"backPressureDataSizeThreshold":"1 GB","flowFileExpiration":"0 sec","prioritizers":[],"bends":[],"loadBalanceStrategy":"DO_NOT_LOAD_BALANCE","partitioningAttribute":"","loadBalanceCompression":"DO_NOT_COMPRESS","componentType":"CONNECTION","groupIdentifier":"2fd723f7-a542-3602-809c-a36d5f99d952"},{"identifier":"11772845-9d47-3067-8e65-d0164dfd6f65","instanceIdentifier":"e5283e2c-d516-11c7-0000-00001aee7511","name":"","source":{"id":"ef5d48cf-06cd-3b35-b7af-50730d864422","type":"PROCESSOR","groupId":"2fd723f7-a542-3602-809c-a36d5f99d952","name":"Master COA","comments":"","instanceIdentifier":"8126372c-f3b2-1878-93a0-bf2a761ef7c6"},"destination":{"id":"5f632b80-aeb2-3536-939e-732aba2cc213","type":"PROCESSOR","groupId":"2fd723f7-a542-3602-809c-a36d5f99d952","name":"PublishKafka2CDP - t_fah_coa_mapping","comments":"","instanceIdentifier":"e5283e0c-d516-11c7-8be6-04e6e149b283"},"labelIndex":0,"zIndex":0,"selectedRelationships":["success"],"backPressureObjectThreshold":10000,"backPressureDataSizeThreshold":"1 GB","flowFileExpiration":"0 sec","prioritizers":[],"bends":[{"x":680.0,"y":624.0}],"loadBalanceStrategy":"DO_NOT_LOAD_BALANCE","partitioningAttribute":"","loadBalanceCompression":"DO_NOT_COMPRESS","componentType":"CONNECTION","groupIdentifier":"2fd723f7-a542-3602-809c-a36d5f99d952"},{"identifier":"4f0615ae-d88b-3016-bf0d-62687465b9cc","instanceIdentifier":"1cc138fb-018b-1000-0000-000015f2c1e3","name":"","source":{"id":"24a0b787-4a58-39bb-9922-aa22d7eea331","type":"PROCESSOR","groupId":"2fd723f7-a542-3602-809c-a36d5f99d952","name":"XXCUST_FAH_EVENT_MAP_V","comments":"","instanceIdentifier":"1c979ac7-018b-1000-ffff-ffff80def4ff"},"destination":{"id":"eaa83ffe-92e1-3a77-8106-15ebe9de072d","type":"PROCESSOR","groupId":"2fd723f7-a542-3602-809c-a36d5f99d952","name":"PublishKafka2CDP - t_fah_event","comments":"","instanceIdentifier":"1ccdf223-018b-1000-0000-00005c7cb0da"},"labelIndex":0,"zIndex":0,"selectedRelationships":["success"],"backPressureObjectThreshold":10000,"backPressureDataSizeThreshold":"1 GB","flowFileExpiration":"0 sec","prioritizers":[],"bends":[{"x":688.0,"y":256.0}],"loadBalanceStrategy":"DO_NOT_LOAD_BALANCE","partitioningAttribute":"","loadBalanceCompression":"DO_NOT_COMPRESS","componentType":"CONNECTION","groupIdentifier":"2fd723f7-a542-3602-809c-a36d5f99d952"},{"identifier":"49e1646e-abc7-3cf5-aebf-5b1f5ddbbeea","instanceIdentifier":"ab1d387f-8741-120f-ffff-fffff39b4d1b","name":"","source":{"id":"5f632b80-aeb2-3536-939e-732aba2cc213","type":"PROCESSOR","groupId":"2fd723f7-a542-3602-809c-a36d5f99d952","name":"PublishKafka2CDP - t_fah_coa_mapping","comments":"","instanceIdentifier":"e5283e0c-d516-11c7-8be6-04e6e149b283"},"destination":{"id":"d735f7f2-6297-38ce-951a-ebf7f9303fe1","type":"FUNNEL","groupId":"2fd723f7-a542-3602-809c-a36d5f99d952","name":"Funnel","comments":"","instanceIdentifier":"ab1d386e-8741-120f-ffff-ffffac72d522"},"labelIndex":0,"zIndex":0,"selectedRelationships":["failure"],"backPressureObjectThreshold":10000,"backPressureDataSizeThreshold":"1 GB","flowFileExpiration":"0 sec","prioritizers":[],"bends":[{"x":56.0,"y":704.0}],"loadBalanceStrategy":"DO_NOT_LOAD_BALANCE","partitioningAttribute":"","loadBalanceCompression":"DO_NOT_COMPRESS","componentType":"CONNECTION","groupIdentifier":"2fd723f7-a542-3602-809c-a36d5f99d952"}],"labels":[{"identifier":"86d653a3-3030-3bec-b387-b14d5df5645a","instanceIdentifier":"812637fc-f3b2-1878-0000-000021bbc327","position":{"x":-104.0,"y":88.0},"label":"FAH EVENT Mapping - Load Reference","zIndex":0,"width":936.0,"height":376.0,"style":{"font-size":"12px"},"componentType":"LABEL","groupIdentifier":"2fd723f7-a542-3602-809c-a36d5f99d952"},{"identifier":"86e78108-2923-33c9-9701-e8ff8eea6f94","instanceIdentifier":"ab1d384b-8741-120f-8751-b317beba1993","position":{"x":-104.0,"y":480.0},"label":"FAH COA Mapping = Load Reference","zIndex":0,"width":936.0,"height":376.0,"style":{"font-size":"12px"},"componentType":"LABEL","groupIdentifier":"2fd723f7-a542-3602-809c-a36d5f99d952"}],"funnels":[{"identifier":"d735f7f2-6297-38ce-951a-ebf7f9303fe1","instanceIdentifier":"ab1d386e-8741-120f-ffff-ffffac72d522","position":{"x":32.0,"y":792.0},"componentType":"FUNNEL","groupIdentifier":"2fd723f7-a542-3602-809c-a36d5f99d952"},{"identifier":"eb53f1e4-f6f6-38a5-b60d-620a263a0d0b","instanceIdentifier":"e5283e57-d516-11c7-0000-0000684fa49a","position":{"x":16.0,"y":392.0},"componentType":"FUNNEL","groupIdentifier":"2fd723f7-a542-3602-809c-a36d5f99d952"},{"identifier":"8efb4d0d-0ecb-3cfc-89a9-5a0799048c2a","instanceIdentifier":"1cec3665-a2ae-1381-0000-00000cdb8f92","position":{"x":1024.0,"y":440.0},"componentType":"FUNNEL","groupIdentifier":"2fd723f7-a542-3602-809c-a36d5f99d952"}],"controllerServices":[{"identifier":"d806b3fc-b7e3-3cf2-8c74-52f1dcb4bef1","instanceIdentifier":"1cc0ffd0-018b-1000-0000-0000340b46eb","name":"JsonRecordSetWriter","comments":"","type":"org.apache.nifi.json.JsonRecordSetWriter","bundle":{"group":"org.apache.nifi","artifact":"nifi-record-serialization-services-nar","version":"1.21.0.2.2.7.100-3"},"properties":{"schema-branch":null,"compression-level":"1","schema-cache":null,"Timestamp Format":null,"Date Format":null,"Pretty Print JSON":"false","compression-format":"none","Schema Write Strategy":"no-schema","suppress-nulls":"never-suppress","output-grouping":"output-oneline","schema-name":"${schema.name}","schema-registry":null,"Time Format":null,"schema-access-strategy":"inherit-record-schema","schema-protocol-version":"1","schema-version":null,"schema-text":"${avro.schema}"},"propertyDescriptors":{"schema-branch":{"name":"schema-branch","displayName":"Schema Branch","identifiesControllerService":false,"sensitive":false},"compression-level":{"name":"compression-level","displayName":"Compression Level","identifiesControllerService":false,"sensitive":false},"schema-cache":{"name":"schema-cache","displayName":"Schema Cache","identifiesControllerService":true,"sensitive":false},"Timestamp Format":{"name":"Timestamp Format","displayName":"Timestamp Format","identifiesControllerService":false,"sensitive":false},"Date Format":{"name":"Date Format","displayName":"Date Format","identifiesControllerService":false,"sensitive":false},"Pretty Print JSON":{"name":"Pretty Print JSON","displayName":"Pretty Print JSON","identifiesControllerService":false,"sensitive":false},"compression-format":{"name":"compression-format","displayName":"Compression Format","identifiesControllerService":false,"sensitive":false},"Schema Write Strategy":{"name":"Schema Write Strategy","displayName":"Schema Write Strategy","identifiesControllerService":false,"sensitive":false},"suppress-nulls":{"name":"suppress-nulls","displayName":"Suppress Null Values","identifiesControllerService":false,"sensitive":false},"output-grouping":{"name":"output-grouping","displayName":"Output Grouping","identifiesControllerService":false,"sensitive":false},"schema-name":{"name":"schema-name","displayName":"Schema Name","identifiesControllerService":false,"sensitive":false},"schema-registry":{"name":"schema-registry","displayName":"Schema Registry","identifiesControllerService":true,"sensitive":false},"Time Format":{"name":"Time Format","displayName":"Time Format","identifiesControllerService":false,"sensitive":false},"schema-access-strategy":{"name":"schema-access-strategy","displayName":"Schema Access Strategy","identifiesControllerService":false,"sensitive":false},"schema-protocol-version":{"name":"schema-protocol-version","displayName":"Schema Protocol Version","identifiesControllerService":false,"sensitive":false},"schema-version":{"name":"schema-version","displayName":"Schema Version","identifiesControllerService":false,"sensitive":false},"schema-text":{"name":"schema-text","displayName":"Schema Text","identifiesControllerService":false,"sensitive":false}},"controllerServiceApis":[{"type":"org.apache.nifi.serialization.RecordSetWriterFactory","bundle":{"group":"org.apache.nifi","artifact":"nifi-standard-services-api-nar","version":"1.21.0.2.2.7.100-3"}}],"scheduledState":"DISABLED","bulletinLevel":"WARN","componentType":"CONTROLLER_SERVICE","groupIdentifier":"2fd723f7-a542-3602-809c-a36d5f99d952"},{"identifier":"4e1942d3-89cb-3f03-acb8-1f81545f743e","instanceIdentifier":"1c9c8024-018b-1000-ffff-ffffa847eb12","name":"DBCPConnectionPool","comments":"","type":"org.apache.nifi.dbcp.DBCPConnectionPool","bundle":{"group":"org.apache.nifi","artifact":"nifi-dbcp-service-nar","version":"1.21.0.2.2.7.100-3"},"properties":{"dbcp-min-idle-conns":"0","Max Wait Time":"500 millis","Database Driver Class Name":"oracle.jdbc.OracleDriver","dbcp-min-evictable-idle-time":"30 mins","kerberos-principal":null,"Max Total Connections":"8","kerberos-credentials-service":null,"dbcp-max-conn-lifetime":"-1","Validation-query":null,"Database Connection URL":"jdbc:oracle:thin:@//10.0.2.11:1521/ebs_IFGDEV","dbcp-time-between-eviction-runs":"-1","Database User":"xxcust","kerberos-user-service":null,"dbcp-soft-min-evictable-idle-time":"-1","database-driver-locations":"/nifi/ojdbc8.jar","dbcp-max-idle-conns":"8"},"propertyDescriptors":{"kerberos-password":{"name":"kerberos-password","displayName":"Kerberos Password","identifiesControllerService":false,"sensitive":true},"dbcp-min-idle-conns":{"name":"dbcp-min-idle-conns","displayName":"Minimum Idle Connections","identifiesControllerService":false,"sensitive":false},"Max Wait Time":{"name":"Max Wait Time","displayName":"Max Wait Time","identifiesControllerService":false,"sensitive":false},"Database Driver Class Name":{"name":"Database Driver Class Name","displayName":"Database Driver Class Name","identifiesControllerService":false,"sensitive":false},"dbcp-min-evictable-idle-time":{"name":"dbcp-min-evictable-idle-time","displayName":"Minimum Evictable Idle Time","identifiesControllerService":false,"sensitive":false},"kerberos-principal":{"name":"kerberos-principal","displayName":"Kerberos Principal","identifiesControllerService":false,"sensitive":false},"Max Total Connections":{"name":"Max Total Connections","displayName":"Max Total Connections","identifiesControllerService":false,"sensitive":false},"kerberos-credentials-service":{"name":"kerberos-credentials-service","displayName":"Kerberos Credentials Service","identifiesControllerService":true,"sensitive":false},"dbcp-max-conn-lifetime":{"name":"dbcp-max-conn-lifetime","displayName":"Max Connection Lifetime","identifiesControllerService":false,"sensitive":false},"Validation-query":{"name":"Validation-query","displayName":"Validation query","identifiesControllerService":false,"sensitive":false},"Database Connection URL":{"name":"Database Connection URL","displayName":"Database Connection URL","identifiesControllerService":false,"sensitive":false},"dbcp-time-between-eviction-runs":{"name":"dbcp-time-between-eviction-runs","displayName":"Time Between Eviction Runs","identifiesControllerService":false,"sensitive":false},"Database User":{"name":"Database User","displayName":"Database User","identifiesControllerService":false,"sensitive":false},"kerberos-user-service":{"name":"kerberos-user-service","displayName":"Kerberos User Service","identifiesControllerService":true,"sensitive":false},"dbcp-soft-min-evictable-idle-time":{"name":"dbcp-soft-min-evictable-idle-time","displayName":"Soft Minimum Evictable Idle Time","identifiesControllerService":false,"sensitive":false},"database-driver-locations":{"name":"database-driver-locations","displayName":"Database Driver Location(s)","identifiesControllerService":false,"sensitive":false,"resourceDefinition":{"cardinality":"MULTIPLE","resourceTypes":["FILE","URL","DIRECTORY"]}},"dbcp-max-idle-conns":{"name":"dbcp-max-idle-conns","displayName":"Max Idle Connections","identifiesControllerService":false,"sensitive":false},"Password":{"name":"Password","displayName":"Password","identifiesControllerService":false,"sensitive":true}},"controllerServiceApis":[{"type":"org.apache.nifi.dbcp.DBCPService","bundle":{"group":"org.apache.nifi","artifact":"nifi-standard-services-api-nar","version":"1.21.0.2.2.7.100-3"}}],"scheduledState":"DISABLED","bulletinLevel":"WARN","componentType":"CONTROLLER_SERVICE","groupIdentifier":"2fd723f7-a542-3602-809c-a36d5f99d952"}],"variables":{},"defaultFlowFileExpiration":"0 sec","defaultBackPressureObjectThreshold":10000,"defaultBackPressureDataSizeThreshold":"1 GB","flowFileConcurrency":"UNBOUNDED","flowFileOutboundPolicy":"STREAM_WHEN_AVAILABLE","componentType":"PROCESS_GROUP"},"externalControllerServices":{"44c4938a-096d-3cc2-9ddc-214cfbd866c8":{"identifier":"44c4938a-096d-3cc2-9ddc-214cfbd866c8","name":"Default NiFi SSL Context Service"}},"parameterContexts":{},"flowEncodingVersion":"1.0","parameterProviders":{},"latest":false}